mean_probability,std_probability,high_confidence_rate
0.7118781767374327,0.4457310887906109,0.9789100020881186
